{"v":"5.6.5","fr":30,"ip":0,"op":22,"w":32,"h":32,"nm":"thumbs-up","ddd":0,"assets":[],"layers":[{"ddd":0,"ind":1,"ty":4,"nm":"thumbs-up","sr":1,"ks":{"o":{"a":0,"k":100,"ix":11},"r":{"a":0,"k":0,"ix":10},"p":{"a":0,"k":[16,16,0],"ix":2},"a":{"a":0,"k":[12,12,0],"ix":1},"s":{"a":0,"k":[100,100,100],"ix":6}},"ao":0,"shapes":[{"ty":"gr","it":[{"ind":0,"ty":"sh","ix":1,"ks":{"a":1,"k":[{"i":{"x":0.667,"y":1},"o":{"x":0.333,"y":0},"t":0,"s":[{"i":[[0,0],[0,0],[0,1.104],[0,0],[-1.104,0],[0,0]],"o":[[0,0],[-1.104,0],[0,0],[0,-1.104],[0,0],[0,0]],"v":[[-4.913,9.994],[-7.913,9.994],[-9.913,7.994],[-9.913,0.994],[-7.913,-1.006],[-4.913,-1.006]],"c":false}]},{"i":{"x":0.667,"y":1},"o":{"x":0.333,"y":0},"t":6,"s":[{"i":[[0,0],[0,0],[0,1.104],[0,0],[-1.104,0],[0,0]],"o":[[0,0],[-1.104,0],[0,0],[0,-1.104],[0,0],[0,0]],"v":[[-4.913,9.994],[-7.779,10.576],[-9.779,8.576],[-10.947,1.35],[-8.947,-0.65],[-4.913,-1.006]],"c":false}]},{"i":{"x":0.667,"y":1},"o":{"x":0.333,"y":0},"t":12,"s":[{"i":[[0,0],[0,0],[0,1.104],[0,0],[-1.104,0],[0,0]],"o":[[0,0],[-1.104,0],[0,0],[0,-1.104],[0,0],[0,0]],"v":[[-4.913,9.994],[-7.808,10.083],[-9.808,8.083],[-9.618,1.221],[-7.618,-0.779],[-4.913,-1.006]],"c":false}]},{"i":{"x":0.667,"y":1},"o":{"x":0.333,"y":0},"t":16,"s":[{"i":[[0,0],[0,0],[0,1.104],[0,0],[-1.104,0],[0,0]],"o":[[0,0],[-1.104,0],[0,0],[0,-1.104],[0,0],[0,0]],"v":[[-4.913,9.994],[-7.779,10.576],[-9.779,8.576],[-10.947,1.35],[-8.947,-0.65],[-5.863,-1.014]],"c":false}]},{"t":22,"s":[{"i":[[0,0],[0,0],[0,1.104],[0,0],[-1.104,0],[0,0]],"o":[[0,0],[-1.104,0],[0,0],[0,-1.104],[0,0],[0,0]],"v":[[-4.913,9.994],[-7.913,9.994],[-9.913,7.994],[-9.913,0.994],[-7.913,-1.006],[-4.913,-1.006]],"c":false}]}],"ix":2},"nm":"Path 1","mn":"ADBE Vector Shape - Group","hd":false},{"ind":1,"ty":"sh","ix":2,"ks":{"a":1,"k":[{"i":{"x":0.667,"y":1},"o":{"x":0.333,"y":0},"t":0,"s":[{"i":[[0,0],[0,0],[1.657,0],[0,0],[0,0],[0,0],[-0.149,0.986],[0,0],[1.093,0.166],[0.108,-0.001]],"o":[[0,0],[0,-1.657],[0,0],[0,0],[0,0],[0.997,0.012],[0,0],[0.166,-1.092],[-0.106,-0.016],[0,0]],"v":[[2.087,-3.006],[2.087,-7.006],[-0.913,-10.006],[-4.913,-1.006],[-4.913,9.994],[6.367,9.994],[8.367,8.294],[9.747,-0.706],[8.069,-2.984],[7.747,-3.006]],"c":true}]},{"i":{"x":0.667,"y":1},"o":{"x":0.333,"y":0},"t":6,"s":[{"i":[[0,0],[0,0],[1.657,0],[0,0],[0,0],[0,0],[-0.149,0.986],[0,0],[1.093,0.166],[0.108,-0.001]],"o":[[0,0],[0.913,-1.235],[0,0],[0,0],[0,0],[0.997,0.012],[0,0],[0.166,-1.092],[-0.106,-0.016],[0,0]],"v":[[2.647,-1.381],[5.483,-3.383],[4.556,-6.601],[-4.913,-1.006],[-4.913,9.994],[6.367,9.994],[8.367,8.294],[9.609,0.333],[7.931,-1.945],[7.609,-1.967]],"c":true}]},{"i":{"x":0.667,"y":1},"o":{"x":0.333,"y":0},"t":12,"s":[{"i":[[0,0],[0,0],[1.657,0],[0,0],[0,0],[0,0],[-0.149,0.986],[0,0],[1.093,0.166],[0.108,-0.001]],"o":[[0,0],[-0.055,-2.114],[0,0],[0,0],[0,0],[0.997,0.012],[0,0],[0.166,-1.092],[-0.106,-0.016],[0,0]],"v":[[1.903,-2.227],[2.183,-7.849],[-1.445,-11.464],[-4.913,-1.006],[-4.913,9.994],[6.68,9.431],[8.68,7.731],[10.466,-0.465],[8.788,-2.743],[8.466,-2.765]],"c":true}]},{"i":{"x":0.667,"y":1},"o":{"x":0.333,"y":0},"t":16,"s":[{"i":[[0,0],[0,0],[1.657,0],[0,0],[0,0],[0,0],[-0.149,0.986],[0,0],[1.093,0.166],[0.108,-0.001]],"o":[[0,0],[0.913,-1.235],[0,0],[0,0],[0,0],[0.997,0.012],[0,0],[0.166,-1.092],[-0.106,-0.016],[0,0]],"v":[[2.74,-1.718],[4.922,-3.927],[3.995,-7.145],[-5.863,-1.014],[-4.913,9.994],[6.367,9.994],[8.367,8.294],[9.737,0.335],[8.059,-1.943],[7.737,-1.965]],"c":true}]},{"t":22,"s":[{"i":[[0,0],[0,0],[1.657,0],[0,0],[0,0],[0,0],[-0.149,0.986],[0,0],[1.093,0.166],[0.108,-0.001]],"o":[[0,0],[0,-1.657],[0,0],[0,0],[0,0],[0.997,0.012],[0,0],[0.166,-1.092],[-0.106,-0.016],[0,0]],"v":[[2.087,-3.006],[2.087,-7.006],[-0.913,-10.006],[-4.913,-1.006],[-4.913,9.994],[6.367,9.994],[8.367,8.294],[9.747,-0.706],[8.069,-2.984],[7.747,-3.006]],"c":true}]}],"ix":2},"nm":"Path 2","mn":"ADBE Vector Shape - Group","hd":false},{"ty":"mm","mm":1,"nm":"Merge Paths 1","mn":"ADBE Vector Filter - Merge","hd":false},{"ty":"st","c":{"a":0,"k":[0,0,0,1],"ix":3},"o":{"a":0,"k":100,"ix":4},"w":{"a":0,"k":2,"ix":5},"lc":2,"lj":2,"bm":0,"nm":"Stroke 1","mn":"ADBE Vector Graphic - Stroke","hd":false},{"ty":"tr","p":{"a":1,"k":[{"i":{"x":0.833,"y":0.833},"o":{"x":0.167,"y":0.167},"t":6,"s":[5.017,20.604],"to":[-0.083,-0.333],"ti":[0,0]},{"i":{"x":0.833,"y":0.833},"o":{"x":0.167,"y":0.167},"t":12,"s":[4.517,18.604],"to":[0,0],"ti":[-0.083,-0.333]},{"t":16,"s":[5.017,20.604]}],"ix":2},"a":{"a":0,"k":[-6.895,8.562],"ix":1},"s":{"a":0,"k":[100,100],"ix":3},"r":{"a":1,"k":[{"i":{"x":[0.3],"y":[1]},"o":{"x":[0.3],"y":[0]},"t":0,"s":[0]},{"i":{"x":[0.667],"y":[1]},"o":{"x":[0.3],"y":[0]},"t":6,"s":[19]},{"i":{"x":[0.177],"y":[1]},"o":{"x":[0.641],"y":[0]},"t":12,"s":[-17.275]},{"i":{"x":[0.442],"y":[1]},"o":{"x":[0.333],"y":[0]},"t":16,"s":[11.047]},{"t":22,"s":[0]}],"ix":6},"o":{"a":0,"k":100,"ix":7},"sk":{"a":0,"k":0,"ix":4},"sa":{"a":0,"k":0,"ix":5},"nm":"Transform"}],"nm":"hand","np":4,"cix":2,"bm":0,"ix":1,"mn":"ADBE Vector Group","hd":false},{"ty":"gr","it":[{"ind":0,"ty":"sh","ix":1,"ks":{"a":1,"k":[{"i":{"x":0.667,"y":1},"o":{"x":0.333,"y":0},"t":0,"s":[{"i":[[0,0],[0,0],[0,1.104],[0,0],[-1.104,0],[0,0]],"o":[[0,0],[-1.104,0],[0,0],[0,-1.104],[0,0],[0,0]],"v":[[-4.913,9.994],[-7.913,9.994],[-9.913,7.994],[-9.913,0.994],[-7.913,-1.006],[-4.913,-1.006]],"c":false}]},{"i":{"x":0.667,"y":1},"o":{"x":0.333,"y":0},"t":6,"s":[{"i":[[0,0],[0,0],[0,1.104],[0,0],[-1.104,0],[0,0]],"o":[[0,0],[-1.104,0],[0,0],[0,-1.104],[0,0],[0,0]],"v":[[-4.913,9.994],[-7.779,10.576],[-9.779,8.576],[-10.947,1.35],[-8.947,-0.65],[-4.913,-1.006]],"c":false}]},{"i":{"x":0.667,"y":1},"o":{"x":0.333,"y":0},"t":12,"s":[{"i":[[0,0],[0,0],[0,1.104],[0,0],[-1.104,0],[0,0]],"o":[[0,0],[-1.104,0],[0,0],[0,-1.104],[0,0],[0,0]],"v":[[-4.913,9.994],[-7.808,10.083],[-9.808,8.083],[-9.618,1.221],[-7.618,-0.779],[-4.913,-1.006]],"c":false}]},{"i":{"x":0.667,"y":1},"o":{"x":0.333,"y":0},"t":16,"s":[{"i":[[0,0],[0,0],[0,1.104],[0,0],[-1.104,0],[0,0]],"o":[[0,0],[-1.104,0],[0,0],[0,-1.104],[0,0],[0,0]],"v":[[-4.913,9.994],[-7.779,10.576],[-9.779,8.576],[-10.947,1.35],[-8.947,-0.65],[-5.863,-1.014]],"c":false}]},{"t":22,"s":[{"i":[[0,0],[0,0],[0,1.104],[0,0],[-1.104,0],[0,0]],"o":[[0,0],[-1.104,0],[0,0],[0,-1.104],[0,0],[0,0]],"v":[[-4.913,9.994],[-7.913,9.994],[-9.913,7.994],[-9.913,0.994],[-7.913,-1.006],[-4.913,-1.006]],"c":false}]}],"ix":2},"nm":"Path 1","mn":"ADBE Vector Shape - Group","hd":false},{"ty":"fl","c":{"a":0,"k":[0,0,0,1],"ix":4},"o":{"a":1,"k":[{"i":{"x":[0.833],"y":[0.833]},"o":{"x":[0.167],"y":[0.167]},"t":16,"s":[0]},{"t":22,"s":[100]}],"ix":5},"r":1,"bm":0,"nm":"Fill 1","mn":"ADBE Vector Graphic - Fill","hd":false},{"ty":"tr","p":{"a":1,"k":[{"i":{"x":0.833,"y":0.833},"o":{"x":0.167,"y":0.167},"t":6,"s":[5.017,20.604],"to":[-0.083,-0.333],"ti":[0,0]},{"i":{"x":0.833,"y":0.833},"o":{"x":0.167,"y":0.167},"t":12,"s":[4.517,18.604],"to":[0,0],"ti":[-0.083,-0.333]},{"t":16,"s":[5.017,20.604]}],"ix":2},"a":{"a":0,"k":[-6.895,8.562],"ix":1},"s":{"a":0,"k":[100,100],"ix":3},"r":{"a":1,"k":[{"i":{"x":[0.3],"y":[1]},"o":{"x":[0.3],"y":[0]},"t":0,"s":[0]},{"i":{"x":[0.667],"y":[1]},"o":{"x":[0.3],"y":[0]},"t":6,"s":[19]},{"i":{"x":[0.177],"y":[1]},"o":{"x":[0.641],"y":[0]},"t":12,"s":[-17.275]},{"i":{"x":[0.442],"y":[1]},"o":{"x":[0.333],"y":[0]},"t":16,"s":[11.047]},{"t":22,"s":[0]}],"ix":6},"o":{"a":0,"k":100,"ix":7},"sk":{"a":0,"k":0,"ix":4},"sa":{"a":0,"k":0,"ix":5},"nm":"Transform"}],"nm":"fill","np":2,"cix":2,"bm":0,"ix":2,"mn":"ADBE Vector Group","hd":false}],"ip":0,"op":22,"st":0,"bm":0}],"markers":[]}