{"v":"5.6.5","fr":29.9700012207031,"ip":0,"op":60.0000024438501,"w":32,"h":32,"nm":"bell","ddd":0,"assets":[],"layers":[{"ddd":0,"ind":1,"ty":4,"nm":"notification point","sr":1,"ks":{"o":{"a":1,"k":[{"i":{"x":[0.833],"y":[0.833]},"o":{"x":[0.167],"y":[0.167]},"t":34,"s":[0]},{"t":43.0000017514259,"s":[100]}],"ix":11},"r":{"a":0,"k":0,"ix":10},"p":{"a":0,"k":[23,7.125,0],"ix":2},"a":{"a":0,"k":[23,7.125,0],"ix":1},"s":{"a":1,"k":[{"i":{"x":[0.7,0.7,0.833],"y":[1,1,1]},"o":{"x":[0.7,0.7,0.167],"y":[0,0,0]},"t":34,"s":[0,0,100]},{"t":43.0000017514259,"s":[100,100,100]}],"ix":6}},"ao":0,"shapes":[{"ty":"gr","it":[{"ind":0,"ty":"sh","ix":1,"ks":{"a":0,"k":{"i":[[0,-2.761],[2.761,0],[0,2.761],[-2.761,0]],"o":[[0,2.761],[-2.761,0],[0,-2.761],[2.761,0]],"v":[[5,0],[0,5],[-5,0],[0,-5]],"c":true},"ix":2},"nm":"Path 1","mn":"ADBE Vector Shape - Group","hd":false},{"ty":"fl","c":{"a":0,"k":[0.937254961799,0.215686289469,0.215686289469,1],"ix":4},"o":{"a":0,"k":100,"ix":5},"r":1,"bm":0,"nm":"Fill 1","mn":"ADBE Vector Graphic - Fill","hd":false},{"ty":"tr","p":{"a":0,"k":[23,7],"ix":2},"a":{"a":0,"k":[0,0],"ix":1},"s":{"a":0,"k":[100,100],"ix":3},"r":{"a":0,"k":0,"ix":6},"o":{"a":0,"k":100,"ix":7},"sk":{"a":0,"k":0,"ix":4},"sa":{"a":0,"k":0,"ix":5},"nm":"Transform"}],"nm":"point","np":2,"cix":2,"bm":0,"ix":1,"mn":"ADBE Vector Group","hd":false},{"ty":"gr","it":[{"ind":0,"ty":"sh","ix":1,"ks":{"a":0,"k":{"i":[[0,-3.314],[3.314,0],[0,3.314],[-3.314,0]],"o":[[0,3.314],[-3.314,0],[0,-3.314],[3.314,0]],"v":[[6,0],[0,6],[-6,0],[0,-6]],"c":true},"ix":2},"nm":"Path 1","mn":"ADBE Vector Shape - Group","hd":false},{"ty":"fl","c":{"a":0,"k":[1,1,1,1],"ix":4},"o":{"a":0,"k":100,"ix":5},"r":1,"bm":0,"nm":"Fill 1","mn":"ADBE Vector Graphic - Fill","hd":false},{"ty":"tr","p":{"a":0,"k":[23,7],"ix":2},"a":{"a":0,"k":[0,0],"ix":1},"s":{"a":0,"k":[100,100],"ix":3},"r":{"a":0,"k":0,"ix":6},"o":{"a":0,"k":100,"ix":7},"sk":{"a":0,"k":0,"ix":4},"sa":{"a":0,"k":0,"ix":5},"nm":"Transform"}],"nm":"point border","np":2,"cix":2,"bm":0,"ix":2,"mn":"ADBE Vector Group","hd":false}],"ip":0,"op":60.0000024438501,"st":0,"bm":0},{"ddd":0,"ind":2,"ty":4,"nm":"bell","sr":1,"ks":{"o":{"a":0,"k":100,"ix":11},"r":{"a":1,"k":[{"i":{"x":[0.455],"y":[1]},"o":{"x":[0.7],"y":[0]},"t":0,"s":[0]},{"i":{"x":[0.279],"y":[1]},"o":{"x":[0.7],"y":[0]},"t":7,"s":[18]},{"i":{"x":[0.334],"y":[0.997]},"o":{"x":[0.7],"y":[0]},"t":14,"s":[-18]},{"i":{"x":[0.335],"y":[1]},"o":{"x":[0.7],"y":[0]},"t":23,"s":[18]},{"i":{"x":[0.7],"y":[1]},"o":{"x":[0.7],"y":[0]},"t":31,"s":[-9]},{"i":{"x":[0.194],"y":[1.949]},"o":{"x":[0.3],"y":[0]},"t":38,"s":[5]},{"t":50.0000020365418,"s":[0]}],"ix":10},"p":{"a":0,"k":[15.312,7.625,0],"ix":2},"a":{"a":0,"k":[15.312,7.625,0],"ix":1},"s":{"a":0,"k":[100,100,100],"ix":6}},"ao":0,"shapes":[{"ty":"gr","it":[{"ind":0,"ty":"sh","ix":1,"ks":{"a":0,"k":{"i":[[-1.657,0],[0,0],[0,1.657],[0,0],[-3.866,0],[0,-3.866],[0,0]],"o":[[0,0],[1.657,0],[0,0],[0,-3.866],[3.866,0],[0,0],[0,1.657]],"v":[[10,7.5],[-10,7.5],[-7,4.5],[-7,-0.5],[0,-7.5],[7,-0.5],[7,4.5]],"c":true},"ix":2},"nm":"Path 1","mn":"ADBE Vector Shape - Group","hd":false},{"ty":"st","c":{"a":0,"k":[0,0,0,1],"ix":3},"o":{"a":0,"k":100,"ix":4},"w":{"a":0,"k":2,"ix":5},"lc":2,"lj":2,"bm":0,"nm":"Stroke 1","mn":"ADBE Vector Graphic - Stroke","hd":false},{"ty":"tr","p":{"a":0,"k":[15.241,14.145],"ix":2},"a":{"a":0,"k":[0,0],"ix":1},"s":{"a":0,"k":[100,100],"ix":3},"r":{"a":0,"k":0,"ix":6},"o":{"a":0,"k":100,"ix":7},"sk":{"a":0,"k":0,"ix":4},"sa":{"a":0,"k":0,"ix":5},"nm":"Transform"}],"nm":"bell","np":2,"cix":2,"bm":0,"ix":1,"mn":"ADBE Vector Group","hd":false}],"ip":0,"op":60.0000024438501,"st":0,"bm":0},{"ddd":0,"ind":3,"ty":4,"nm":"bell ball","parent":2,"sr":1,"ks":{"o":{"a":0,"k":100,"ix":11},"r":{"a":0,"k":0,"ix":10},"p":{"a":0,"k":[15.5,9.75,0],"ix":2},"a":{"a":0,"k":[15.5,9.75,0],"ix":1},"s":{"a":0,"k":[100,100,100],"ix":6}},"ao":0,"shapes":[{"ty":"gr","it":[{"ind":0,"ty":"sh","ix":1,"ks":{"a":0,"k":{"i":[[0,0],[0.956,0.555],[0.175,0.301]],"o":[[-0.554,0.955],[-0.301,-0.174],[0,0]],"v":[[1.73,-0.641],[-1.004,0.085],[-1.73,-0.641]],"c":false},"ix":2},"nm":"Path 1","mn":"ADBE Vector Shape - Group","hd":false},{"ty":"st","c":{"a":0,"k":[0,0,0,1],"ix":3},"o":{"a":0,"k":100,"ix":4},"w":{"a":0,"k":2,"ix":5},"lc":2,"lj":2,"bm":0,"nm":"Stroke 1","mn":"ADBE Vector Graphic - Stroke","hd":false},{"ty":"tr","p":{"a":0,"k":[15.395,8.228],"ix":2},"a":{"a":0,"k":[0.154,-18.057],"ix":1},"s":{"a":0,"k":[100,100],"ix":3},"r":{"a":1,"k":[{"i":{"x":[0.3],"y":[1]},"o":{"x":[0.3],"y":[0]},"t":0,"s":[0]},{"i":{"x":[0.3],"y":[1]},"o":{"x":[0.3],"y":[0]},"t":6.944,"s":[-20]},{"i":{"x":[0.3],"y":[1]},"o":{"x":[0.3],"y":[0]},"t":13.89,"s":[20]},{"i":{"x":[0.579],"y":[1]},"o":{"x":[0.3],"y":[0]},"t":20.834,"s":[-20]},{"i":{"x":[0.3],"y":[1]},"o":{"x":[0.3],"y":[0]},"t":26,"s":[9.717]},{"i":{"x":[0.357],"y":[1.262]},"o":{"x":[0.35],"y":[0]},"t":37,"s":[-10]},{"t":45.0000018328876,"s":[0]}],"ix":6},"o":{"a":0,"k":100,"ix":7},"sk":{"a":0,"k":0,"ix":4},"sa":{"a":0,"k":0,"ix":5},"nm":"Transform"}],"nm":"bell ball","np":2,"cix":2,"bm":0,"ix":1,"mn":"ADBE Vector Group","hd":false}],"ip":0,"op":60.0000024438501,"st":0,"bm":0}],"markers":[]}