{"v":"5.6.5","fr":30,"ip":0,"op":10,"w":32,"h":32,"nm":"maximize minimize","ddd":0,"assets":[],"layers":[{"ddd":0,"ind":1,"ty":4,"nm":"maximize minimize","sr":1,"ks":{"o":{"a":0,"k":100,"ix":11},"r":{"a":0,"k":0,"ix":10},"p":{"a":0,"k":[16,16,0],"ix":2},"a":{"a":0,"k":[12,12,0],"ix":1},"s":{"a":0,"k":[100,100,100],"ix":6}},"ao":0,"shapes":[{"ty":"gr","it":[{"ind":0,"ty":"sh","ix":1,"ks":{"a":1,"k":[{"i":{"x":0.596,"y":1},"o":{"x":0.401,"y":0},"t":0,"s":[{"i":[[0,0],[0,0],[-1.104,0],[0,0]],"o":[[0,0],[0,1.104],[0,0],[0,0]],"v":[[-9,4],[-9,7],[-7,9],[-4,9]],"c":false}]},{"t":10,"s":[{"i":[[0,0],[0,0],[0,-1.188],[0,0]],"o":[[0,0],[1.344,0],[0,0],[0,0]],"v":[[-9,4],[-5.875,4],[-4,6],[-4,9]],"c":false}]}],"ix":2},"nm":"Path 1","mn":"ADBE Vector Shape - Group","hd":false},{"ty":"mm","mm":1,"nm":"Merge Paths 1","mn":"ADBE Vector Filter - Merge","hd":false},{"ty":"st","c":{"a":0,"k":[0,0,0,1],"ix":3},"o":{"a":0,"k":100,"ix":4},"w":{"a":0,"k":2,"ix":5},"lc":2,"lj":2,"bm":0,"nm":"Stroke 1","mn":"ADBE Vector Graphic - Stroke","hd":false},{"ty":"tr","p":{"a":0,"k":[12,12],"ix":2},"a":{"a":0,"k":[0,0],"ix":1},"s":{"a":0,"k":[100,100],"ix":3},"r":{"a":0,"k":270,"ix":6},"o":{"a":0,"k":100,"ix":7},"sk":{"a":0,"k":0,"ix":4},"sa":{"a":0,"k":0,"ix":5},"nm":"Transform"}],"nm":"path 4","np":3,"cix":2,"bm":0,"ix":1,"mn":"ADBE Vector Group","hd":false},{"ty":"gr","it":[{"ind":0,"ty":"sh","ix":1,"ks":{"a":1,"k":[{"i":{"x":0.596,"y":1},"o":{"x":0.401,"y":0},"t":0,"s":[{"i":[[0,0],[0,0],[-1.104,0],[0,0]],"o":[[0,0],[0,1.104],[0,0],[0,0]],"v":[[-9,4],[-9,7],[-7,9],[-4,9]],"c":false}]},{"t":10,"s":[{"i":[[0,0],[0,0],[0,-1.188],[0,0]],"o":[[0,0],[1.344,0],[0,0],[0,0]],"v":[[-9,4],[-5.875,4],[-4,6],[-4,9]],"c":false}]}],"ix":2},"nm":"Path 1","mn":"ADBE Vector Shape - Group","hd":false},{"ty":"mm","mm":1,"nm":"Merge Paths 1","mn":"ADBE Vector Filter - Merge","hd":false},{"ty":"st","c":{"a":0,"k":[0,0,0,1],"ix":3},"o":{"a":0,"k":100,"ix":4},"w":{"a":0,"k":2,"ix":5},"lc":2,"lj":2,"bm":0,"nm":"Stroke 1","mn":"ADBE Vector Graphic - Stroke","hd":false},{"ty":"tr","p":{"a":0,"k":[12,12],"ix":2},"a":{"a":0,"k":[0,0],"ix":1},"s":{"a":0,"k":[100,100],"ix":3},"r":{"a":0,"k":180,"ix":6},"o":{"a":0,"k":100,"ix":7},"sk":{"a":0,"k":0,"ix":4},"sa":{"a":0,"k":0,"ix":5},"nm":"Transform"}],"nm":"path 3","np":3,"cix":2,"bm":0,"ix":2,"mn":"ADBE Vector Group","hd":false},{"ty":"gr","it":[{"ind":0,"ty":"sh","ix":1,"ks":{"a":1,"k":[{"i":{"x":0.596,"y":1},"o":{"x":0.401,"y":0},"t":0,"s":[{"i":[[0,0],[0,0],[-1.104,0],[0,0]],"o":[[0,0],[0,1.104],[0,0],[0,0]],"v":[[-9,4],[-9,7],[-7,9],[-4,9]],"c":false}]},{"t":10,"s":[{"i":[[0,0],[0,0],[0,-1.188],[0,0]],"o":[[0,0],[1.344,0],[0,0],[0,0]],"v":[[-9,4],[-5.875,4],[-4,6],[-4,9]],"c":false}]}],"ix":2},"nm":"Path 1","mn":"ADBE Vector Shape - Group","hd":false},{"ty":"mm","mm":1,"nm":"Merge Paths 1","mn":"ADBE Vector Filter - Merge","hd":false},{"ty":"st","c":{"a":0,"k":[0,0,0,1],"ix":3},"o":{"a":0,"k":100,"ix":4},"w":{"a":0,"k":2,"ix":5},"lc":2,"lj":2,"bm":0,"nm":"Stroke 1","mn":"ADBE Vector Graphic - Stroke","hd":false},{"ty":"tr","p":{"a":0,"k":[12,12],"ix":2},"a":{"a":0,"k":[0,0],"ix":1},"s":{"a":0,"k":[100,100],"ix":3},"r":{"a":0,"k":90,"ix":6},"o":{"a":0,"k":100,"ix":7},"sk":{"a":0,"k":0,"ix":4},"sa":{"a":0,"k":0,"ix":5},"nm":"Transform"}],"nm":"path 2","np":3,"cix":2,"bm":0,"ix":3,"mn":"ADBE Vector Group","hd":false},{"ty":"gr","it":[{"ind":0,"ty":"sh","ix":1,"ks":{"a":1,"k":[{"i":{"x":0.596,"y":1},"o":{"x":0.401,"y":0},"t":0,"s":[{"i":[[0,0],[0,0],[-1.104,0],[0,0]],"o":[[0,0],[0,1.104],[0,0],[0,0]],"v":[[-9,4],[-9,7],[-7,9],[-4,9]],"c":false}]},{"t":10,"s":[{"i":[[0,0],[0,0],[0,-1.188],[0,0]],"o":[[0,0],[1.344,0],[0,0],[0,0]],"v":[[-9,4],[-5.875,4],[-4,6],[-4,9]],"c":false}]}],"ix":2},"nm":"Path 1","mn":"ADBE Vector Shape - Group","hd":false},{"ty":"mm","mm":1,"nm":"Merge Paths 1","mn":"ADBE Vector Filter - Merge","hd":false},{"ty":"st","c":{"a":0,"k":[0,0,0,1],"ix":3},"o":{"a":0,"k":100,"ix":4},"w":{"a":0,"k":2,"ix":5},"lc":2,"lj":2,"bm":0,"nm":"Stroke 1","mn":"ADBE Vector Graphic - Stroke","hd":false},{"ty":"tr","p":{"a":0,"k":[12,12],"ix":2},"a":{"a":0,"k":[0,0],"ix":1},"s":{"a":0,"k":[100,100],"ix":3},"r":{"a":0,"k":0,"ix":6},"o":{"a":0,"k":100,"ix":7},"sk":{"a":0,"k":0,"ix":4},"sa":{"a":0,"k":0,"ix":5},"nm":"Transform"}],"nm":"path 1","np":3,"cix":2,"bm":0,"ix":4,"mn":"ADBE Vector Group","hd":false}],"ip":0,"op":10,"st":0,"bm":0}],"markers":[]}